USE [BANGAME]
GO
/****** Object:  Table [dbo].[NhaSanXuat]    Script Date: 03/07/2018 17:38:11 ******/
SET ANSI_NULLS ON
GO
SET QUOTED_IDENTIFIER ON
GO
CREATE TABLE [dbo].[NhaSanXuat](
	[MaNhaSanXuat] [int] IDENTITY(1,1) NOT NULL,
	[TenNhaSanXuat] [nvarchar](20) NULL,
 CONSTRAINT [PK__NhaSanXu__838C17A1FB50798E] PRIMARY KEY CLUSTERED 
(
	[MaNhaSanXuat] ASC
)WITH (PAD_INDEX  = OFF, STATISTICS_NORECOMPUTE  = OFF, IGNORE_DUP_KEY = OFF, ALLOW_ROW_LOCKS  = ON, ALLOW_PAGE_LOCKS  = ON) ON [PRIMARY]
) ON [PRIMARY]
GO
UPDATE STATISTICS [dbo].[NhaSanXuat]([PK__NhaSanXu__838C17A1FB50798E]) WITH STATS_STREAM = 0x01000000010000000000000000000000AF01CDAE000000001803000000000000D802000000000000380300003800000004000A0000000000000000000100000007000000A03D960048A80000050000000000000005000000000000000000803FCDCC4C3E000000000000000000000000000000000000000000000000000000000000000000000000000000000000000000000000000000000000000000000000000000000000000000000000000000000000000000000000000000000000000000000000000000000000000000000000000000000000000000000000000000000000000004000000040000000100000014000000000080400000A04000000000000080400000000000000000000000000000000000000000000000000000000000000000000000000000000000000000000000000000000000000000000000000000000000000000000000000000000000000000000000000000000000000000000000000000000000000000000000000000000000000000000000000000000000000000190000000000000000000000000000007C0000000000000064010000000000006C01000000000000200000000000000037000000000000004E000000000000006500000000000000100014000000803F000000000000803F01000000040000100014000000803F0000803F0000803F03000000040000100014000000803F000000000000803F04000000040000100014000000803F000000000000803F0900000004000003000000164A44013AA800000000000000001440000000000000000004000000000000A09999C93F000000000000000000000000000000000000000000000440000000000000044000000000000000000F28AF00C7A700000000000000001440000000000000000004000000000000A09999C93F00000000000000000000000000000000000000000000044000000000000004400000000000000000A6970F00BBA700000000000000001040040000000000000003000000000000000000D03F000000000000F03F0000000000000000000000000000144000000000000010409A9999999999D93F0500000000000000, ROWCOUNT = 15, PAGECOUNT = 3
GO
SET IDENTITY_INSERT [dbo].[NhaSanXuat] ON
INSERT [dbo].[NhaSanXuat] ([MaNhaSanXuat], [TenNhaSanXuat]) VALUES (1, N'Square Enix')
INSERT [dbo].[NhaSanXuat] ([MaNhaSanXuat], [TenNhaSanXuat]) VALUES (2, N'Ubisoft')
INSERT [dbo].[NhaSanXuat] ([MaNhaSanXuat], [TenNhaSanXuat]) VALUES (3, N'Konami')
INSERT [dbo].[NhaSanXuat] ([MaNhaSanXuat], [TenNhaSanXuat]) VALUES (4, N'Electronic Arts')
INSERT [dbo].[NhaSanXuat] ([MaNhaSanXuat], [TenNhaSanXuat]) VALUES (9, N'AnhHuy')
SET IDENTITY_INSERT [dbo].[NhaSanXuat] OFF
/****** Object:  Table [dbo].[LoginAdmin]    Script Date: 03/07/2018 17:38:12 ******/
SET ANSI_NULLS ON
GO
SET QUOTED_IDENTIFIER ON
GO
SET ANSI_PADDING ON
GO
CREATE TABLE [dbo].[LoginAdmin](
	[TenDangNhap] [varchar](30) NOT NULL,
	[MatKhau] [varchar](30) NULL,
	[HoTen] [nvarchar](30) NULL,
 CONSTRAINT [PK__LoginAdm__3214EC0708EA5793] PRIMARY KEY CLUSTERED 
(
	[TenDangNhap] ASC
)WITH (PAD_INDEX  = OFF, STATISTICS_NORECOMPUTE  = OFF, IGNORE_DUP_KEY = OFF, ALLOW_ROW_LOCKS  = ON, ALLOW_PAGE_LOCKS  = ON) ON [PRIMARY]
) ON [PRIMARY]
GO
SET ANSI_PADDING OFF
GO
CREATE STATISTICS [_WA_Sys_00000002_7F60ED59] ON [dbo].[LoginAdmin]([MatKhau]) WITH STATS_STREAM = 0x01000000010000000000000000000000964AC0F7000000000D02000000000000CD01000000000000A7020000A70000001E0000000000000008D000340000000007000000278E0D0154A8000001000000000000000100000000000000000000000000803F000000000000000000000000000000000000000000000000000000000000000000000000000000000000000000000000000000000000000000000000000000000000000000000000000000000000000000000000000000000000000000000000000000000000000000000000000000000000000000000000000000000000000001000000010000000100000010000000000040400000803F00000000000040400000000000000000000000000000000000000000000000000000000000000000000000000000000000000000000000000000000000000000000000000000000000000000000000000000000000000000000000000000000000000000000000000000000000000000000000000000000000000000000000000000000000000000130000000000000000000000000000002200000000000000590000000000000061000000000000000800000000000000300010000000803F000000000000803F04000001001A00313233FF0100000000000000010000000100000028000000280000000000000000000000030000003132330200000040000000000103000000000100000000000000
GO
UPDATE STATISTICS [dbo].[LoginAdmin]([PK__LoginAdm__3214EC0708EA5793]) WITH STATS_STREAM = 0x01000000010000000000000000000000E31C430C000000000D02000000000000CD01000000000000A7030000A70000001E0000000000000008D0003400000000070000000C8E0D0154A8000001000000000000000100000000000000000000000000803F000000000000000000000000000000000000000000000000000000000000000000000000000000000000000000000000000000000000000000000000000000000000000000000000000000000000000000000000000000000000000000000000000000000000000000000000000000000000000000000000000000000000000001000000010000000100000010000000000040400000803F00000000000040400000000000000000000000000000000000000000000000000000000000000000000000000000000000000000000000000000000000000000000000000000000000000000000000000000000000000000000000000000000000000000000000000000000000000000000000000000000000000000000000000000000000000000130000000000000000000000000000002200000000000000590000000000000061000000000000000800000000000000300010000000803F000000000000803F04000001001A00687579FF0100000000000000010000000100000028000000280000000000000000000000030000006875790200000040000000000103000000000100000000000000, ROWCOUNT = 3, PAGECOUNT = 2
GO
INSERT [dbo].[LoginAdmin] ([TenDangNhap], [MatKhau], [HoTen]) VALUES (N'huy', N'123', N'Huỳnh Anh Huy')
INSERT [dbo].[LoginAdmin] ([TenDangNhap], [MatKhau], [HoTen]) VALUES (N'quan', N'123', N'Nguyễn Đình Quân')
/****** Object:  Table [dbo].[LoaiGame]    Script Date: 03/07/2018 17:38:12 ******/
SET ANSI_NULLS ON
GO
SET QUOTED_IDENTIFIER ON
GO
CREATE TABLE [dbo].[LoaiGame](
	[MaLoai] [int] IDENTITY(1,1) NOT NULL,
	[TenLoai] [nvarchar](20) NULL,
 CONSTRAINT [PK__LoaiGame__730A5759C1474918] PRIMARY KEY CLUSTERED 
(
	[MaLoai] ASC
)WITH (PAD_INDEX  = OFF, STATISTICS_NORECOMPUTE  = OFF, IGNORE_DUP_KEY = OFF, ALLOW_ROW_LOCKS  = ON, ALLOW_PAGE_LOCKS  = ON) ON [PRIMARY]
) ON [PRIMARY]
GO
UPDATE STATISTICS [dbo].[LoaiGame]([PK__LoaiGame__730A5759C1474918]) WITH STATS_STREAM = 0x01000000010000000000000000000000B2E3AC0D000000003703000000000000F702000000000000380300003800000004000A00000000000000000000000000070000009B3D960048A80000090000000000000009000000000000000000803F398EE33D000000000000000000000000000000000000000000000000000000000000000000000000000000000000000000000000000000000000000000000000000000000000000000000000000000000000000000000000000000000000000000000000000000000000000000000000000000000000000000000000000000000000000005000000050000000100000014000000000080400000104100000000000080400000000000000000000000000000000000000000000000000000000000000000000000000000000000000000000000000000000000000000000000000000000000000000000000000000000000000000000000000000000000000000000000000000000000000000000000000000000000000000000000000000000000000000190000000000000000000000000000009B0000000000000083010000000000008B0100000000000028000000000000003F0000000000000056000000000000006D000000000000008400000000000000100014000000803F000000000000803F01000000040000100014000000803F0000803F0000803F03000000040000100014000000803F000000400000803F07000000040000100014000000803F0000803F0000803F09000000040000100014000000803F000000000000803F0A00000004000003000000134A44013AA80000000000000000224000000000000000000500000000000020C771BC3F00000000000000000000000000000000000000000000124000000000000012400000000000000000B328AF00C7A70000000000000000224000000000000000000500000000000020C771BC3F00000000000000000000000000000000000000000000124000000000000012400000000000000000B80B4701C5A700000000000000002040080000000000000004000000000000000000C03F000000000000F03F00000000000000000000000000000040000000000000F03FF2B2F16946CDCF3F0900000000000000, ROWCOUNT = 27, PAGECOUNT = 3
GO
SET IDENTITY_INSERT [dbo].[LoaiGame] ON
INSERT [dbo].[LoaiGame] ([MaLoai], [TenLoai]) VALUES (1, N'Game Hành Động')
INSERT [dbo].[LoaiGame] ([MaLoai], [TenLoai]) VALUES (2, N'Game Đua Xe')
INSERT [dbo].[LoaiGame] ([MaLoai], [TenLoai]) VALUES (3, N'Game Bắn Súng')
INSERT [dbo].[LoaiGame] ([MaLoai], [TenLoai]) VALUES (5, N'Game Kinh Dị')
INSERT [dbo].[LoaiGame] ([MaLoai], [TenLoai]) VALUES (6, N'Game Nấu Ăn')
INSERT [dbo].[LoaiGame] ([MaLoai], [TenLoai]) VALUES (7, N'Game Thể Thao')
INSERT [dbo].[LoaiGame] ([MaLoai], [TenLoai]) VALUES (8, N'Game Trí Tuệ ')
INSERT [dbo].[LoaiGame] ([MaLoai], [TenLoai]) VALUES (9, N'Game Vui Nhộn')
INSERT [dbo].[LoaiGame] ([MaLoai], [TenLoai]) VALUES (10, N'Game Phiêu Lưa')
SET IDENTITY_INSERT [dbo].[LoaiGame] OFF
/****** Object:  Table [dbo].[KhachHang]    Script Date: 03/07/2018 17:38:12 ******/
SET ANSI_NULLS ON
GO
SET QUOTED_IDENTIFIER ON
GO
SET ANSI_PADDING ON
GO
CREATE TABLE [dbo].[KhachHang](
	[MaKhachHang] [int] IDENTITY(1,1) NOT NULL,
	[TenKhachHang] [nvarchar](30) NOT NULL,
	[Email] [char](30) NULL,
	[SDT] [char](12) NULL,
	[NgaySinh] [datetime] NULL,
	[DiaChi] [nvarchar](50) NULL,
	[TenDangNhap] [varchar](15) NOT NULL,
	[MatKhau] [varchar](15) NOT NULL,
 CONSTRAINT [PK__KhachHan__88D2F0E556D7F871] PRIMARY KEY CLUSTERED 
(
	[MaKhachHang] ASC
)WITH (PAD_INDEX  = OFF, STATISTICS_NORECOMPUTE  = OFF, IGNORE_DUP_KEY = OFF, ALLOW_ROW_LOCKS  = ON, ALLOW_PAGE_LOCKS  = ON) ON [PRIMARY]
) ON [PRIMARY]
GO
SET ANSI_PADDING OFF
GO
CREATE STATISTICS [_WA_Sys_00000005_48CFD27E] ON [dbo].[KhachHang]([NgaySinh]) WITH STATS_STREAM = 0x0100000001000000000000000000000099E6211C00000000B90200000000000079020000000000003D02EE873D0000000800170300000000000000000100000007000000B92A7D019BA800000500000000000000050000000000000000000000ABAAAA3E000000000000000000000000000000000000000000000000000000000000000000000000000000000000000000000000000000000000000000000000000000000000000000000000000000000000000000000000000000000000000000000000000000000000000000000000000000000000000000000000000000000000000003000000030000000100000018000000000000410000A0400000000000000041000000000000000000000000000000000000000000000000000000000000000000000000000000000000000000000000000000000000000000000000000000000000000000000000000000000000000000000000000000000000000000000000000000000000000000000000000000000000000000000000000000000000000019000000000000000000000000000000690000000000000005010000000000000D01000000000000180000000000000033000000000000004E000000000000001000180000004040000000000000803F000000006D890000040000100018000000803F000000000000803F00000000CB890000040000100018000000803F000000000000803F00000000A8A70000040000020000003528AF00C7A700000000000000001440000000000000000003000000000000605555D53F00000000000000000000000000000000000000000000044000000000000004400000000000000000EE3A1C00C1A700000000000000001440050000000000000002000000000000000000E03F000000000000F03F0000000000000000000000000000004000000000000000400BD7A3703D0AD73F0500000000000000
GO
CREATE STATISTICS [_WA_Sys_00000007_03317E3D] ON [dbo].[KhachHang]([TenDangNhap]) WITH STATS_STREAM = 0x010000000100000000000000000000008286CD8F00000000D0020000000000009002000000000000A7030000A70000000F0000000000000008D000340500000007000000B618C30050A800000500000000000000050000000000000000000000CDCC4C3E000000000000000000000000000000000000000000000000000000000000000000000000000000000000000000000000000000000000000000000000000000000000000000000000000000000000000000000000000000000000000000000000000000000000000000000000000000000000000000000000000000000000000005000000050000000100000010000000333303410000A0400000000033330341000000000000000000000000000000000000000000000000000000000000000000000000000000000000000000000000000000000000000000000000000000000000000000000000000000000000000000000000000000000000000000000000000000000000000000000000000000000000000000000000000000000000000013000000000000000000000000000000C4000000000000001C0100000000000024010000000000002800000000000000420000000000000064000000000000008600000000000000A500000000000000300010000000803F000000000000803F04000001001A00616161300010000000803F000000000000803F04000001002200616E686875796167313232300010000000803F000000000000803F04000001002200616E686875796167313233300010000000803F000000000000803F04000001001F00647563766D313233300010000000803F000000000000803F04000001001F006875796167313233FF0100000000000000030000000300000028000000280000000000000000000000150000006161616E686875796167313233647563766D313233050000004000000000C0010000008102010000010A03000001080D0000000500000000000000
GO
CREATE STATISTICS [_WA_Sys_00000008_03317E3D] ON [dbo].[KhachHang]([MatKhau]) WITH STATS_STREAM = 0x01000000010000000000000000000000EE2319920000000041020000000000000102000000000000A703EE87A70000000F0000000000000008D000340000000007000000B118C30050A8000005000000000000000500000000000000000000000000003F0000000000000000000000000000000000000000000000000000000000000000000000000000000000000000000000000000000000000000000000000000000000000000000000000000000000000000000000000000000000000000000000000000000000000000000000000000000000000000000000000000000000000000020000000200000001000000100000000000C0400000A040000000000000C04000000000000000000000000000000000000000000000000000000000000000000000000000000000000000000000000000000000000000000000000000000000000000000000000000000000000000000000000000000000000000000000000000000000000000000000000000000000000000000000000000000000000000001300000000000000000000000000000049000000000000008D00000000000000950000000000000010000000000000002A000000000000003000100000000040000000000000803F04000001001A003132333000100000004040000000000000803F04000001001F00616E686875797A34FF01000000000000000300000002000000280000002800000000000000000000000B000000313233616E686875797A3403000000400000000081030000000208030000000500000000000000
GO
UPDATE STATISTICS [dbo].[KhachHang]([PK__KhachHan__88D2F0E556D7F871]) WITH STATS_STREAM = 0x010000000100000000000000000000005191758E00000000F902000000000000B902000000000000380300003800000004000A0000000000000000000100000007000000923D960048A80000050000000000000005000000000000000000803FCDCC4C3E000000000000000000000000000000000000000000000000000000000000000000000000000000000000000000000000000000000000000000000000000000000000000000000000000000000000000000000000000000000000000000000000000000000000000000000000000000000000000000000000000000000000000003000000030000000100000014000000000080400000A04000000000000080400000000000000000000000000000000000000000000000000000000000000000000000000000000000000000000000000000000000000000000000000000000000000000000000000000000000000000000000000000000000000000000000000000000000000000000000000000000000000000000000000000000000000000190000000000000000000000000000005D0000000000000045010000000000004D0100000000000018000000000000002F000000000000004600000000000000100014000000803F000000000000803F08000000040000100014000000803F0000803F0000803F0A000000040000100014000000803F0000803F0000803F0C00000004000003000000064A44013AA800000000000000001440000000000000000003000000000000A09999C93F000000000000000000000000000000000000000000000440000000000000044000000000000000002728AF00C7A700000000000000001440000000000000000003000000000000A09999C93F0000000000000000000000000000000000000000000004400000000000000440000000000000000091311C00C1A700000000000000001440050000000000000004000000000000A09999C93F000000000000004000000000000000000000000000000040000000000000004071179C005D47E73F0500000000000000, ROWCOUNT = 15, PAGECOUNT = 3
GO
SET IDENTITY_INSERT [dbo].[KhachHang] ON
INSERT [dbo].[KhachHang] ([MaKhachHang], [TenKhachHang], [Email], [SDT], [NgaySinh], [DiaChi], [TenDangNhap], [MatKhau]) VALUES (8, N'Huỳnh Anh Huy', N'huyha.hutech1996@gmail.com    ', N'01679191882 ', CAST(0x0000896D00000000 AS DateTime), N'An Giang', N'huyag123', N'anhhuyz4')
INSERT [dbo].[KhachHang] ([MaKhachHang], [TenKhachHang], [Email], [SDT], [NgaySinh], [DiaChi], [TenDangNhap], [MatKhau]) VALUES (9, N'Huỳnh Anh Huy', N'huyha.hutech1996@gmail.com    ', N'01679191882 ', CAST(0x0000896D00000000 AS DateTime), N'AnGiang', N'anhhuyag123', N'anhhuyz4')
INSERT [dbo].[KhachHang] ([MaKhachHang], [TenKhachHang], [Email], [SDT], [NgaySinh], [DiaChi], [TenDangNhap], [MatKhau]) VALUES (10, N'Đức Vãi Mẹ', N'ducalwayslaugh96@gmail.com    ', N'01679191882 ', CAST(0x000089CB00000000 AS DateTime), N'Đồng Nai', N'ducvm123', N'123')
INSERT [dbo].[KhachHang] ([MaKhachHang], [TenKhachHang], [Email], [SDT], [NgaySinh], [DiaChi], [TenDangNhap], [MatKhau]) VALUES (11, N'Huỳnh Anh Huy', N'huyha.hutech1996@gmail.com    ', N'01679191882 ', CAST(0x0000896D00000000 AS DateTime), N'An Giang', N'anhhuyag122', N'anhhuyz4')
INSERT [dbo].[KhachHang] ([MaKhachHang], [TenKhachHang], [Email], [SDT], [NgaySinh], [DiaChi], [TenDangNhap], [MatKhau]) VALUES (12, N'aaa', N'aaa@gmail.com                 ', N'01679191882 ', CAST(0x0000A7A800000000 AS DateTime), N'An Giang', N'aaa', N'123')
SET IDENTITY_INSERT [dbo].[KhachHang] OFF
/****** Object:  Table [dbo].[HeMay]    Script Date: 03/07/2018 17:38:12 ******/
SET ANSI_NULLS ON
GO
SET QUOTED_IDENTIFIER ON
GO
SET ANSI_PADDING ON
GO
CREATE TABLE [dbo].[HeMay](
	[Madong] [bigint] IDENTITY(1,1) NOT NULL,
	[Tendong] [varchar](20) NULL,
 CONSTRAINT [PK_HeMay] PRIMARY KEY CLUSTERED 
(
	[Madong] ASC
)WITH (PAD_INDEX  = OFF, STATISTICS_NORECOMPUTE  = OFF, IGNORE_DUP_KEY = OFF, ALLOW_ROW_LOCKS  = ON, ALLOW_PAGE_LOCKS  = ON) ON [PRIMARY]
) ON [PRIMARY]
GO
SET ANSI_PADDING OFF
GO
UPDATE STATISTICS [dbo].[HeMay]([PK_HeMay]) WITH STATS_STREAM = 0x01000000010000000000000000000000DEA8AFF2000000002803000000000000E8020000000000007F0300007F0000000800130000000000000000000000803F07000000963D960048A80000060000000000000006000000000000000000803FABAA2A3E000000000000000000000000000000000000000000000000000000000000000000000000000000000000000000000000000000000000000000000000000000000000000000000000000000000000000000000000000000000000000000000000000000000000000000000000000000000000000000000000000000000000000004000000040000000100000018000000000000410000C04000000000000000410000000000000000000000000000000000000000000000000000000000000000000000000000000000000000000000000000000000000000000000000000000000000000000000000000000000000000000000000000000000000000000000000000000000000000000000000000000000000000000000000000000000000000190000000000000000000000000000008C0000000000000074010000000000007C0100000000000020000000000000003B0000000000000056000000000000007100000000000000100018000000803F000000000000803F0100000000000000040000100018000000803F0000803F0000803F0300000000000000040000100018000000803F0000803F0000803F0500000000000000040000100018000000803F000000000000803F0700000000000000040000030000000A4A44013AA800000000000000001840000000000000000004000000000000605555C53F000000000000000000000000000000000000000000000840000000000000084000000000000000004328AF00C7A700000000000000001840000000000000000004000000000000605555C53F000000000000000000000000000000000000000000000840000000000000084000000000000000002FA15C01C1A700000000000000001040040000000000000003000000000000000000D03F000000000000044000000000000000000000000000000840000000000000F03FA69B07667654E03F0600000000000000, ROWCOUNT = 18, PAGECOUNT = 3
GO
SET IDENTITY_INSERT [dbo].[HeMay] ON
INSERT [dbo].[HeMay] ([Madong], [Tendong]) VALUES (1, N'PC')
INSERT [dbo].[HeMay] ([Madong], [Tendong]) VALUES (2, N'PS2')
INSERT [dbo].[HeMay] ([Madong], [Tendong]) VALUES (3, N'3DS')
INSERT [dbo].[HeMay] ([Madong], [Tendong]) VALUES (4, N'NDS')
INSERT [dbo].[HeMay] ([Madong], [Tendong]) VALUES (5, N'GBA')
INSERT [dbo].[HeMay] ([Madong], [Tendong]) VALUES (7, N'PS4')
SET IDENTITY_INSERT [dbo].[HeMay] OFF
/****** Object:  Table [dbo].[SanPham]    Script Date: 03/07/2018 17:38:12 ******/
SET ANSI_NULLS ON
GO
SET QUOTED_IDENTIFIER ON
GO
SET ANSI_PADDING ON
GO
CREATE TABLE [dbo].[SanPham](
	[MaSP] [int] IDENTITY(1,1) NOT NULL,
	[TenSP] [nvarchar](50) NOT NULL,
	[MaNhaSanXuat] [int] NOT NULL,
	[MaLoai] [int] NOT NULL,
	[HinhAnh] [varchar](10) NULL,
	[MoTa] [nvarchar](550) NULL,
	[TieuBieu] [bit] NULL,
	[KhuyenMai] [bit] NULL,
	[Video] [varchar](50) NULL,
	[GiaBan] [int] NULL,
	[NgayCapNhat] [datetime] NULL,
	[CauHinh] [nvarchar](450) NULL,
	[Madong] [bigint] NULL,
	[HesoKM] [float] NULL,
	[GiaSale] [int] NULL,
	[TT] [bit] NULL,
	[TTTT] [nvarchar](500) NULL,
 CONSTRAINT [PK__SanPham__2725081C8DE3ECF8] PRIMARY KEY CLUSTERED 
(
	[MaSP] ASC
)WITH (PAD_INDEX  = OFF, STATISTICS_NORECOMPUTE  = OFF, IGNORE_DUP_KEY = OFF, ALLOW_ROW_LOCKS  = ON, ALLOW_PAGE_LOCKS  = ON) ON [PRIMARY]
) ON [PRIMARY]
GO
SET ANSI_PADDING OFF
GO
CREATE STATISTICS [_WA_Sys_00000002_173876EA] ON [dbo].[SanPham]([TenSP]) WITH STATS_STREAM = 0x010000000100000000000000000000006E898EFE000000005F040000000000001F04000000000000E7030000E7000000640000000000000008D000340000000007000000FB2A7D019BA80000080000000000000008000000000000000000803F0000003E0000000000000000000000000000000000000000000000000000000000000000000000000000000000000000000000000000000000000000000000000000000000000000000000000000000000000000000000000000000000000000000000000000000000000000000000000000000000000000000000000000000000000000050000000500000001000000100000000000F44100000041000000000000F44100000000000000000000000000000000000000000000000000000000000000000000000000000000000000000000000000000000000000000000000000000000000000000000000000000000000000000000000000000000000000000000000000000000000000000000000000000000000000000000000000000000000000001B0000000000000000000000000000003F010000000000005302000000000000A302000000000000AB0200000000000028000000000000006D00000000000000B200000000000000D500000000000000F600000000000000300010000000803F000000000000803F0400000100450044007200610067006F006E002000420061006C006C002000580065006E006F007600650072007300650020003100300010000000803F000000000000803F0400000100450044007200610067006F006E002000420061006C006C002000580065006E006F007600650072007300650020003200300010000000803F000000000000803F04000001002300460069006100200031003700300010000000803F000000000000803F0400000100210047005400410020005600300010000000803F000040400000803F04000001004900500072006F002000450076006F006C007500740069006F006E00200053006F00630063006500720020003200300031003700FF01000000000000000800000008000000280000002800000000000000000000005700000044007200610067006F006E002000420061006C006C002000580065006E006F0076006500720073006500200031003200460069006100200031003700470054004100200056004D00610020004300E00020005200D31E6E00670050006F006B00E9006D006F006E0020004F006D006500670061002000520075006200790072006F002000450076006F006C007500740069006F006E00200053006F006300630065007200200032003000310037000C0000004000000000C01600000081011600000101170000810618000081051E0000810A23000040012D0000C0072E0000810A35000001043B000001183F0000000100000090A34D019BA80000000000000000224009000000000000000600000000000020C771BC3F000000000000000000000000000000000000000000000000000000000000F03F741CC7711CC7C13F0800000000000000
GO
CREATE STATISTICS [_WA_Sys_00000003_173876EA] ON [dbo].[SanPham]([MaNhaSanXuat]) WITH STATS_STREAM = 0x010000000100000000000000000000005A47F88D000000008002000000000000400200000000000038036F003800000004000A0000000000000000002000320007000000E32A7D019BA8000008000000000000000800000000000000000000000000803E000000000000000000000000000000000000000000000000000000000000000000000000000000000000000000000000000000000000000000000000000000000000000000000000000000000000000000000000000000000000000000000000000000000000000000000000000000000000000000000000000000000000000004000000040000000100000014000000000080400000004100000000000080400000000000000000000000000000000000000000000000000000000000000000000000000000000000000000000000000000000000000000000000000000000000000000000000000000000000000000000000000000000000000000000000000000000000000000000000000000000000000000000000000000000000000000190000000000000000000000000000007C00000000000000CC00000000000000D400000000000000200000000000000037000000000000004E0000000000000065000000000000001000140000004040000000000000803F010000000400001000140000000040000000000000803F02000000040000100014000000803F000000000000803F030000000400001000140000000040000000000000803F040000000400000100000068CE04019AA800000000000000002040080000000000000004000000000000000000D03F00000000000000000000000000000000000000000000F03F000000000000F03F00000000000000000800000000000000
GO
CREATE STATISTICS [_WA_Sys_00000004_173876EA] ON [dbo].[SanPham]([MaLoai]) WITH STATS_STREAM = 0x0100000001000000000000000000000019EF1DE90000000061020000000000002102000000000000380300003800000004000A0000000000000000003800000007000000E32A7D019BA80000080000000000000008000000000000000000803F0000803E000000000000000000000000000000000000000000000000000000000000000000000000000000000000000000000000000000000000000000000000000000000000000000000000000000000000000000000000000000000000000000000000000000000000000000000000000000000000000000000000000000000000000003000000030000000100000014000000000080400000004100000000000080400000000000000000000000000000000000000000000000000000000000000000000000000000000000000000000000000000000000000000000000000000000000000000000000000000000000000000000000000000000000000000000000000000000000000000000000000000000000000000000000000000000000000000190000000000000000000000000000005D00000000000000AD00000000000000B50000000000000018000000000000002F0000000000000046000000000000001000140000004040000000000000803F010000000400001000140000004040000000000000803F03000000040000100014000000803F0000803F0000803F070000000400000100000064CE04019AA800000000000000002040080000000000000003000000000000000000D03F00000000000000000000000000000000000000000000F03F000000000000F03F00000000000000000800000000000000
GO
CREATE STATISTICS [_WA_Sys_00000005_173876EA] ON [dbo].[SanPham]([HinhAnh]) WITH STATS_STREAM = 0x010000000100000000000000000000003419BA0A000000009F030000000000005F03000000000000A7020000A70000000A0000000000000008D000340000000007000000FB2A7D019BA8000008000000000000000800000000000000000000002549123E0000000000000000000000000000000000000000000000000000000000000000000000000000000000000000000000000000000000000000000000000000000000000000000000000000000000000000000000000000000000000000000000000000000000000000000000000000000000000000000000000000000000000000070000000700000001000000100000000000DC4000000041000000000000DC4000000000000000000000000000000000000000000000000000000000000000000000000000000000000000000000000000000000000000000000000000000000000000000000000000000000000000000000000000000000000000000000000000000000000000000000000000000000000000000000000000000000000000001B00000000000000000000000000000009010000000000009301000000000000E301000000000000EB010000000000003800000000000000540000000000000073000000000000009100000000000000B000000000000000CE00000000000000EC00000000000000300010000000803F000000000000803F04000001001C00312E706E67300010000000803F000000000000803F04000001001F00646278312E6A7067300010000000803F000000000000803F04000001001E006475632E6A7067300010000000803F000000000000803F04000001001F00666966612E6A7067300010000000803F000000000000803F04000001001E007065732E6A70673000100000000040000000000000803F04000001001E00706B6D2E6A7067300010000000803F000000000000803F04000001001D0075642E6A7067FF01000000000000000800000007000000280000002800000000000000000000002E000000312E706E67646278312E6A706775632E6A7067666966612E6A70677065732E6A70676B6D2E6A706775642E6A70670A00000040000000008105000000C001050000810706000001060D00008108130000C0011B000081061C000002062200000106280000000100000090A34D019BA800000000000000002240090000000000000008000000000000000000C03F00000000000000000000000000000000000000000000124000000000000016404CA9D7747809E03F0800000000000000
GO
CREATE STATISTICS [_WA_Sys_00000006_173876EA] ON [dbo].[SanPham]([MoTa]) WITH STATS_STREAM = 0x01000000010000000000000000000000BA2C08AA000000003E0E000000000000FE0D000000000000E7027400E70000004C0400000000000008D000344200430007000000FB2A7D019BA8000008000000000000000800000000000000000000000000003E00000000000000000000000000000000000000000000000000000000000000000000000000000000000000000000000000000000000000000000000000000000000000000000000000000000000000000000000000000000000000000000000000000000000000000000000000000000000000000000000000000000000000000800000008000000010000001000000000808B43000000410000000000808B4300000000000000000000000000000000000000000000000000000000000000000000000000000000000000000000000000000000000000000000000000000000000000000000000000000000000000000000000000000000000000000000000000000000000000000000000000000000000000000000000000000000000000001B000000000000000000000000000000B009000000000000320C000000000000820C0000000000008A0C000000000000400000000000000015040000000000003A0400000000000061040000000000009007000000000000B10700000000000062090000000000008709000000000000300010000000803F000000000000803F0400000100D503090050006F006B00E9006D006F006E0020004F006D006500670061002000520075006200790020007600E000200041006C0070006800610020005300610070007000680069007200650020002800DD30B130C330C830E230F330B930BF30FC302000AA30E130AC30EB30D330FC302600A230EB30D530A130B530D530A130A430A230200050006F006B006500740074006F0020004D006F006E00730075007400010120004F006D0065006700610020005200750062002B012000260020004100720075006600610020005300610066006100690061003F00290020006C00E000200068006100690020007400F11E6100200076006900640065006F002000670061006D00650020001101B001E31E6300200070006800E100740020006800E0006E00680020006200DF1E69002000470061006D006500200046007200650061006B0020007600E0002000630068006F0020006800C71E20006D00E100790020006300A71E6D00200074006100790020004E0069006E00740065006E0064006F0020003300440053002E0020001001E200790020006C00E000200068006100690020006200A31E6E00200022006C00E0006D0020006C00A11E6900220020006300E71E6100200068006100690020007400F11E61002000670061006D00650020006E0003016D0020003200300030003200200050006F006B0065006D006F006E0020005200750062007900200026002000530061007000700068006900720065005B0031005D002E002000470061006D00650020001101B001E31E630020006300F4006E00670020006200D11E20007600E0006F0020006E006700E000790020003700200074006800E1006E0067002000350020006E0003016D00200032003000310034002000740072006F006E00670020006D00D91E7400200054006500610073006500720020006300E71E610020004E0069006E00740065006E0064006F005B0032005D005B0033005D002E005600E000200063007500D11E690020006300F9006E00670020006200A11E6E0020007300BD1E200067006900FA00700020007400650061006D0020004D00610067006D00610020006200AF1E74002000470072006F00750064006F006E0028006E00BF1E750020006C00E00020004F006D006500670061002000720075006200790029002E004300F2006E002000DF1E200041006C0070006800610020005300610070007000680069007200650020006200A11E6E0020007300BD1E200067006900FA00700020007400650061006D002000410071007500610020006200AF1E740020004B0079006F00670072006500300010000000803F000000000000803F040000010025006100730063006400610063006100300010000000803F000000000000803F0400000100270064006100640061006300610063006100300010000000803F000000000000803F04000001002F0344007200610067006F006E002000420061006C006C002000580065006E006F00560065007200730065002000280076006900BF1E740020007400AF1E740020006C00E000200044007200610067006F006E002000420061006C006C00200058005600290020006C00E00020006D00D91E74002000200074007200F200200063006800A1016900200076006900640065006F002000630068006900BF1E6E0020001101A51E750020002D0020006E006800AD1E7000200076006100690020006400F11E6100200074007200EA006E0020007400720075007900C71E6E0020007400720061006E006800200044007200610067006F006E002000420061006C006C002C00200020001101B001E31E6300200070006800E10074002000740072006900C31E6E0020006200DF1E69002000440069006D007000730020007600E000200070006800E100740020006800E0006E00680020006200DF1E69002000420061006E0064006100690020004E0061006D0063006F002000470061006D00650073002E0020004E00F30020001101B001E31E6300200070006800E100740020006800E0006E00680020007600E0006F00200074006800E1006E0067002000320020006E0003016D00200032003000310035002000630068006F00200050006C0061007900530074006100740069006F006E00200033002C00200050006C0061007900530074006100740069006F006E00200034002C002000580062006F00780020003300360030002C002000580062006F00780020004F006E0065002C0020007600E00020004D006900630072006F0073006F00660074002000570069006E0064006F00770073002E0020004E00F30020006C00E000200074007200F200200063006800A1016900200044007200610067006F006E002000420061006C006C0020001101A71E7500200074006900EA006E002000200070006800E100740020006800E0006E0068002000630068006F00200020002000200076006900640065006F002000670061006D006500200063006F006E0073006F006C006500200074006800BF1E20006800C71E200074006800E91E20007400E1006D00300010000000803F000000000000803F0400000100210066006100640064007300300010000000803F000000000000803F0400000100B1014700720061006E00640020005400680065006600740020004100750074006F002000560020006C00E000200074007200F200200063006800A1016900200076006900640065006F0020001101B001E31E6300200070006800E10074002000740072006900C31E6E0020006200DF1E6900200052006F0063006B00730074006100720020004E006F007200740068002000740068007500D91E630020006800E3006E006700200052006F0063006B0073007400610072002000470061006D00650073002E0020004C00E0002000700068006900EA006E0020006200A31E6E00200074006800E91E20006D00B001DD1E690020006C0003016D002000740072006F006E00670020004400F2006E006700200074007200F200200063006800A101690020004700720061006E00640020005400680065006600740020004100750074006F0020007600E00020006C00E000200070006800A71E6E0020006B00BF1E200074006900BF1E700020006300E71E610020004700720061006E00640020005400680065006600740020004100750074006F002000490056002E00300010000000803F000000000000803F0400000100250070006B006D002E006A0070006700300010000000803F000000000000803F04000001002900730061006300610073006300610076006100FF010000000000000008000000080000002800000028000000000000000000000013010000090050006F006B00E9006D006F006E0020004F006D006500670061002000520075006200790020007600E000200041006C0070006800610020005300610070007000680069007200650020002800DD30610070007000680069007200650020006200A11E6E0020007300BD1E200067006900FA00700020007400650061006D002000410071007500610020006200AF1E740020004B0079006F006700720065006100730063006400610063006100640061006400610063006100630061007200610067006F006E002000420061006C006C002000580065006E006F00560065007200730065002000280076006900BF1E740020007400AF1E740020006C00E000200044007200610067006F00630068006F00200020002000200076006900640065006F002000670061006D006500200063006F006E0073006F006C006500200074006800BF1E20006800C71E200074006800E91E20007400E1006D00660061006400640073004700720061006E00640020005400680065006600740020004100750074006F002000560020006C00E000200074007200F200200063006800A1016900200076006900640065006F0020001101B001E31E6C00E000200070006800A71E6E0020006B00BF1E200074006900BF1E700020006300E71E610020004700720061006E00640020005400680065006600740020004100750074006F002000490056002E0070006B006D002E006A00700067007300610063006100730063006100760061000A000000400000000081500000008107500000C0015700008107580000014F5F00008105AE00008150B30000810703010001090A010000010000008CA34D019BA80000000000000000224009000000000000000800000000000020C771BC3F000000000000000000000000000000000000000000000000000000000000F03F9951FF93FE1CC43F0800000000000000
GO
CREATE STATISTICS [_WA_Sys_00000007_173876EA] ON [dbo].[SanPham]([TieuBieu]) WITH STATS_STREAM = 0x01000000010000000000000000000000F37D31C5000000002002000000000000E0010000000000006802006B68000000010001000000000000000000006800C707000000FB2A7D019BA8000008000000000000000800000000000000000000000000003F0000000000000000000000000000000000000000000000000000000000000000000000000000000000000000000000000000000000000000000000000000000000000000000000000000000000000000000000000000000000000000000000000000000000000000000000000000000000000000000000000000000000000000010000000100000001000000110000000000203F00000041000040400000203F0000000000000000000000000000000000000000000000000000000000000000000000000000000000000000000000000000000000000000000000000000000000000000000000000000000000000000000000000000000000000000000000000000000000000000000000000000000000000000000000000000000000000000190000000000000000000000000000001C000000000000006C0000000000000074000000000000000800000000000000100011000000A040000000000000803F010400000100000082A34D019BA800000000000000002240090000000000000002000000000000605555D53F00000000000000000000000000000000000000000000F03F00000000000000401AC7711CC771BC3F0800000000000000
GO
CREATE STATISTICS [_WA_Sys_00000008_173876EA] ON [dbo].[SanPham]([KhuyenMai]) WITH STATS_STREAM = 0x01000000010000000000000000000000E80A81C5000000003C02000000000000FC0100000000000068020000680000000100010000000000000000000000000007000000FB2A7D019BA8000008000000000000000800000000000000000000000000003F0000000000000000000000000000000000000000000000000000000000000000000000000000000000000000000000000000000000000000000000000000000000000000000000000000000000000000000000000000000000000000000000000000000000000000000000000000000000000000000000000000000000000000020000000200000001000000110000000000803F00000041000000000000803F000000000000000000000000000000000000000000000000000000000000000000000000000000000000000000000000000000000000000000000000000000000000000000000000000000000000000000000000000000000000000000000000000000000000000000000000000000000000000000000000000000000000000019000000000000000000000000000000380000000000000088000000000000009000000000000000100000000000000024000000000000001000110000004040000000000000803F00040000100011000000A040000000000000803F010400000100000082A34D019BA800000000000000002240090000000000000002000000000000000000E03F00000000000000000000000000000000000000000000F83F0000000000000440545555555555B53F0800000000000000
GO
CREATE STATISTICS [_WA_Sys_00000009_173876EA] ON [dbo].[SanPham]([Video]) WITH STATS_STREAM = 0x01000000010000000000000000000000E360F0FF000000000E03000000000000CE02000000000000A7020041A7000000320000000000000008D000340000000007000000F12A7D019BA800000800000000000000080000000000000000000000CDCC4C3E0000000000000000000000000000000000000000000000000000000000000000000000000000000000000000000000000000000000000000000000000000000000000000000000000000000000000000000000000000000000000000000000000000000000000000000000000000000000000000000000000000000000000000040000000400000001000000100000000000D84000000041000040400000D84000000000000000000000000000000000000000000000000000000000000000000000000000000000000000000000000000000000000000000000000000000000000000000000000000000000000000000000000000000000000000000000000000000000000000000000000000000000000000000000000000000000000000001B0000000000000000000000000000009E00000000000000020100000000000052010000000000005A01000000000000200000000000000033000000000000005A000000000000007C00000000000000100010000000803F000000000000803F0400003000100000000040000000000000803F040000010027003050354C687233496E514D26743D3373300010000000803F000000000000803F040000010022003358444865765175765267300010000000803F000000000000803F0400000100220054394F423773633762336BFF0100000003000000080000000500000028000000280000000000000000000000260000003050354C687233496E514D26743D3373335844486576517576526754394F423773633762336B0400000041000000008210000000810B100000010B1B0000000100000082A34D019BA800000000000000002240090000000000000004000000000000A09999C93F000000000000000000000000000000000000000000000000000000000000F03F60125D994F18D53F0800000000000000
GO
CREATE STATISTICS [_WA_Sys_0000000A_173876EA] ON [dbo].[SanPham]([GiaBan]) WITH STATS_STREAM = 0x010000000100000000000000000000001C245ADA00000000BE020000000000007E0200000000000038025F003800000004000A0000000000000000000000000007000000ED2A7D019BA80000080000000000000008000000000000000000803F2549123E00000000000000000000000000000000000000000000000000000000000000000000000000000000000000000000000000000000000000000000000000000000000000000000000000000000000000000000000000000000000000000000000000000000000000000000000000000000000000000000000000000000000000000600000006000000010000001400000000008040000000410000000000008040000000000000000000000000000000000000000000000000000000000000000000000000000000000000000000000000000000000000000000000000000000000000000000000000000000000000000000000000000000000000000000000000000000000000000000000000000000000000000000000000000000000000000019000000000000000000000000000000BA000000000000000A010000000000001201000000000000300000000000000047000000000000005E0000000000000075000000000000008C00000000000000A300000000000000100014000000803F000000000000803F03000000040000100014000000803F000000000000803F050000000400001000140000000040000000000000803F96000000040000100014000000803F000000000000803FFA000000040000100014000000803F000000000000803F90010000040000100014000000803F0000803F0000803FF4010000040000010000007DA34D019BA800000000000000002240090000000000000006000000000000A02449C23F0000000000000000000000000000F03F00000000000000400000000000000840000000000000E03F0800000000000000
GO
CREATE STATISTICS [_WA_Sys_0000000B_173876EA] ON [dbo].[SanPham]([NgayCapNhat]) WITH STATS_STREAM = 0x01000000010000000000000000000000A2ED22B0000000004A020000000000000A020000000000003D020A023D0000000800170300000000000000000000000007000000E82A7D019BA8000008000000000000000800000000000000000000000000003F00000000000000000000000000000000000000000000000000000000000000000000000000000000000000000000000000000000000000000000000000000000000000000000000000000000000000000000000000000000000000000000000000000000000000000000000000000000000000000000000000000000000000000200000002000000010000001800000000000041000000410000000000000041000000000000000000000000000000000000000000000000000000000000000000000000000000000000000000000000000000000000000000000000000000000000000000000000000000000000000000000000000000000000000000000000000000000000000000000000000000000000000000000000000000000000000019000000000000000000000000000000460000000000000096000000000000009E0000000000000010000000000000002B00000000000000100018000000A040000000000000803F000000003AA800000400001000180000004040000000000000803F000000009BA80000040000010000007DA34D019BA800000000000000002240090000000000000002000000000000000000E03F00000000000000000000000000000000000000000000F83F0000000000000440398EE3388EE3E03F0800000000000000
GO
CREATE STATISTICS [_WA_Sys_0000000C_173876EA] ON [dbo].[SanPham]([CauHinh]) WITH STATS_STREAM = 0x010000000100000000000000000000000E64315200000000EA08000000000000AA08000000000000E702E300E7000000840300000000000008D000347400610007000000E82A7D019BA800000800000000000000080000000000000000000000ABAAAA3E0000000000000000000000000000000000000000000000000000000000000000000000000000000000000000000000000000000000000000000000000000000000000000000000000000000000000000000000000000000000000000000000000000000000000000000000000000000000000000000000000000000000000000030000000300000001000000100000000040A94300000041000000000040A94300000000000000000000000000000000000000000000000000000000000000000000000000000000000000000000000000000000000000000000000000000000000000000000000000000000000000000000000000000000000000000000000000000000000000000000000000000000000000000000000000000000000000001B0000000000000000000000000000000B05000000000000DE060000000000002E07000000000000360700000000000018000000000000005D01000000000000BE03000000000000300010000000C040000000000000803F040000010045014800C71E200011016900C11E750020006800E0006E0068003A002000570069006E0064006F0077007300200038002E00310020003600340020004200690074002C002000570069006E0064006F00770073002000380020003600340020004200690074002C002000570069006E0064006F007700730020003700200036003400200042006900740020005300500031002C002000570069006E0064006F007700730020005600690073007400610020003600340020004200690074002000530050003200200028004B00680075007900BF1E6E0020006B006800ED006300680020006E00EA006E0020007300ED1E20006400E51E6E006700200056004700410020004E007600690064006900610020006E00BF1E7500200063006800A11E79002000560069007300740061002900300010000000803F000000000000803F040000010061024800C71E200011016900C11E750020006800E0006E0068003A002000570069006E0064006F0077007300200038002E00310020003600340020004200690074002C002000570069006E0064006F00770073002000380020003600340020004200690074002C002000570069006E0064006F007700730020003700200036003400200042006900740020005300500031002C002000570069006E0064006F007700730020005600690073007400610020003600340020004200690074002000530050003200200028004B00680075007900BF1E6E0020006B006800ED006300680020006E00EA006E0020007300ED1E20006400E51E6E006700200056004700410020004E007600690064006900610020006E00BF1E7500200063006800A11E790020005600690073007400610029000D000A004300500055003A00200049006E00740065006C00200043006F00720065002000320020005100750061006400200051003600360030003000200032002E0034003000470048007A0020002F00200041004D00440020005000680065006E006F006D002000390038003500300020005100750061006400200043006F0072006500200032002E003500470048007A000D000A00520041004D003A0020003400470042000D000A005600470041003A0020004E005600490044004900410020003900380030003000200047005400200031004700420020002F00200041004D00440020004800440020003400380037003000200031004700420020005600520041004D000D000A004800440044003A0020003600350047004200300010000000803F000000000000803F04000001004D0173006600730066004800C71E200011016900C11E750020006800E0006E0068003A002000570069006E0064006F0077007300200038002E00310020003600340020004200690074002C002000570069006E0064006F00770073002000380020003600340020004200690074002C002000570069006E0064006F007700730020003700200036003400200042006900740020005300500031002C002000570069006E0064006F007700730020005600690073007400610020003600340020004200690074002000530050003200200028004B00680075007900BF1E6E0020006B006800ED006300680020006E00EA006E0020007300ED1E20006400E51E6E006700200056004700410020004E007600690064006900610020006E00BF1E7500200063006800A11E79002000560069007300740061002900FF0100000000000000080000000300000028000000280000000000000000000000C80000004800C71E200011016900C11E750020006800E0006E0068003A002000570069006E0064006F0077007300200038002E00310020003600340020004200690074002C002000570069006E0064006F007700680020006E00EA006E0020007300ED1E20006400E51E6E006700200056004700410020004E007600690064006900610020006E00BF1E7500200063006800A11E7900200056006900730074006100290047005400200031004700420020002F00200041004D00440020004800440020003400380037003000200031004700420020005600520041004D000D000A004800440044003A002000360035004700420073006600730066004800C71E200011016900C11E750020006800E0006E0068003A002000570069006E0064006F0077007300200038002E00310020003600340020004200690074002C00200057006900680020006E00EA006E0020007300ED1E20006400E51E6E006700200056004700410020004E007600690064006900610020006E00BF1E7500200063006800A11E79002000560069007300740061002900050000004000000000C02800000081285000000628280000015078000000010000007DA34D019BA800000000000000002240090000000000000004000000000000000000D03F000000000000000000000000000000000000000000000000000000000000F03FFE5242C741FBC23F0800000000000000
GO
CREATE STATISTICS [_WA_Sys_0000000D_173876EA] ON [dbo].[SanPham]([Madong]) WITH STATS_STREAM = 0x01000000010000000000000000000000143F6272000000004A020000000000000A020000000000007F0220007F0000000800130000000000000000002C00200007000000DA2A7D019BA8000008000000000000000800000000000000000000000000003F00000000000000000000000000000000000000000000000000000000000000000000000000000000000000000000000000000000000000000000000000000000000000000000000000000000000000000000000000000000000000000000000000000000000000000000000000000000000000000000000000000000000000000200000002000000010000001800000000000041000000410000000000000041000000000000000000000000000000000000000000000000000000000000000000000000000000000000000000000000000000000000000000000000000000000000000000000000000000000000000000000000000000000000000000000000000000000000000000000000000000000000000000000000000000000000000019000000000000000000000000000000460000000000000096000000000000009E0000000000000010000000000000002B00000000000000100018000000E040000000000000803F0100000000000000040000100018000000803F000000000000803F03000000000000000400000100000064CE04019AA800000000000000002040080000000000000002000000000000000000E03F00000000000000000000000000000000000000000000F03F000000000000F03F00000000000000000800000000000000
GO
CREATE STATISTICS [_WA_Sys_0000000E_173876EA] ON [dbo].[SanPham]([HesoKM]) WITH STATS_STREAM = 0x010000000100000000000000000000004232AD8A00000000B30200000000000073020000000000003E0200003E0000000800350000000000000000000000000007000000E82A7D019BA800000800000000000000080000000000000000000000CDCC4C3E00000000000000000000000000000000000000000000000000000000000000000000000000000000000000000000000000000000000000000000000000000000000000000000000000000000000000000000000000000000000000000000000000000000000000000000000000000000000000000000000000000000000000000500000005000000010000001800000000000041000000410000000000000041000000000000000000000000000000000000000000000000000000000000000000000000000000000000000000000000000000000000000000000000000000000000000000000000000000000000000000000000000000000000000000000000000000000000000000000000000000000000000000000000000000000000000019000000000000000000000000000000AF00000000000000FF000000000000000701000000000000280000000000000043000000000000005E00000000000000790000000000000094000000000000001000180000000040000000000000803F00000000000000000400001000180000000040000000000000803F9A9999999999B93F040000100018000000803F000000000000803F9A9999999999C93F0400001000180000000040000000000000803F000000A09999C93F040000100018000000803F000000000000803F000000403333D33F0400000100000070A34D019BA800000000000000002240090000000000000005000000000000A09999C93F00000000000000000000000000000000000000000000004000000000000008402AA61422CB79E73F0800000000000000
GO
CREATE STATISTICS [_WA_Sys_0000000F_173876EA] ON [dbo].[SanPham]([GiaSale]) WITH STATS_STREAM = 0x01000000010000000000000000000000CF84415700000000DD020000000000009D02000000000000380200003800000004000A0000000000000000000000000007000000E32A7D019BA8000008000000000000000800000000000000000000002549123E00000000000000000000000000000000000000000000000000000000000000000000000000000000000000000000000000000000000000000000000000000000000000000000000000000000000000000000000000000000000000000000000000000000000000000000000000000000000000000000000000000000000000000700000007000000010000001400000000008040000000410000000000008040000000000000000000000000000000000000000000000000000000000000000000000000000000000000000000000000000000000000000000000000000000000000000000000000000000000000000000000000000000000000000000000000000000000000000000000000000000000000000000000000000000000000000019000000000000000000000000000000D9000000000000002901000000000000310100000000000038000000000000004F0000000000000066000000000000007D000000000000009400000000000000AB00000000000000C200000000000000100014000000803F000000000000803F02000000040000100014000000803F000000000000803F03000000040000100014000000803F000000000000803F78000000040000100014000000803F000000000000803F87000000040000100014000000803F000000000000803FC7000000040000100014000000803F000000000000803F900100000400001000140000000040000000000000803FC20100000400000100000070A34D019BA8000000000000000022400A0000000000000007000000000000A02449C23F00000000000000000000000000000000000000000000144000000000000018401241C747D699E93F0800000000000000
GO
CREATE STATISTICS [_WA_Sys_00000010_173876EA] ON [dbo].[SanPham]([TT]) WITH STATS_STREAM = 0x010000000100000000000000000000009DA695D4000000003C02000000000000FC0100000000000068020000680000000100010000000000000000000000000007000000E32A7D019BA8000008000000000000000800000000000000000000000000003F0000000000000000000000000000000000000000000000000000000000000000000000000000000000000000000000000000000000000000000000000000000000000000000000000000000000000000000000000000000000000000000000000000000000000000000000000000000000000000000000000000000000000000020000000200000001000000110000000000803F00000041000000000000803F000000000000000000000000000000000000000000000000000000000000000000000000000000000000000000000000000000000000000000000000000000000000000000000000000000000000000000000000000000000000000000000000000000000000000000000000000000000000000000000000000000000000000019000000000000000000000000000000380000000000000088000000000000009000000000000000100000000000000024000000000000001000110000004040000000000000803F00040000100011000000A040000000000000803F01040000010000006BA34D019BA800000000000000002240090000000000000002000000000000605555D53F000000000000000000000000000000000000000000000000000000000000F03FEF88AA7DE251BD3F0800000000000000
GO
CREATE STATISTICS [_WA_Sys_00000011_173876EA] ON [dbo].[SanPham]([TTTT]) WITH STATS_STREAM = 0x01000000010000000000000000000000480F83F000000000EF05000000000000AF05000000000000E7020000E7000000E80300000000000008D000340000000007000000E32A7D019BA8000008000000000000000800000000000000000000000000003F0000000000000000000000000000000000000000000000000000000000000000000000000000000000000000000000000000000000000000000000000000000000000000000000000000000000000000000000000000000000000000000000000000000000000000000000000000000000000000000000000000000000000000010000000100000001000000100000000000BC42000000410000E0400000BC4200000000000000000000000000000000000000000000000000000000000000000000000000000000000000000000000000000000000000000000000000000000000000000000000000000000000000000000000000000000000000000000000000000000000000000000000000000000000000000000000000000000000000001B0000000000000000000000000000000F03000000000000E30300000000000033040000000000003B040000000000000800000000000000300010000000803F000000000000803F04000001000703680074007400700073003A002F002F007700770077002E00620061006F006B0069006D002E0076006E002F007000610079006D0065006E0074002F00700072006F0064007500630074002F00760065007200730069006F006E00310031003F0062007500730069006E006500730073003D007100750061006E002E00640069006E00680031003300300036003900360025003400300067006D00610069006C002E0063006F006D002600690064003D0026006F0072006400650072005F006400650073006300720069007000740069006F006E003D0025004300340025003900300025004300330025004100320079002B006C002500430033002500410030002B00470061006D0065002600700072006F0064007500630074005F006E0061006D0065003D0050006F006B002500430033002500410039006D006F006E002B004F006D006500670061002B0052007500620079002600700072006F0064007500630074005F00700072006900630065003D003400350030003000300030002600700072006F0064007500630074005F007100750061006E0074006900740079003D003100260074006F00740061006C005F0061006D006F0075006E0074003D003400350030003000300030002600750072006C005F00630061006E00630065006C003D002600750072006C005F00640065007400610069006C003D0068007400740070002500330041002500320046002500320046006C006F00630061006C0068006F00730074002500330041003500370031003300320025003200460055007300650072002500320046006300680069007400690065007400250032004600310037002600750072006C005F0073007500630063006500730073003D0068007400740070002500330041002500320046002500320046006C006F00630061006C0068006F007300740025003300410035003700310033003200250032004600470069006F00480061006E0067002500320046005800610063004E00680061006E0044006F006E00480061006E006700FF010000000700000008000000020000002800000028000000000000000000000050000000680074007400700073003A002F002F007700770077002E00620061006F006B0069006D002E0076006E002F007000610079006D0065006E0074002F00700072006F0064007500630074002F00760065006C0068006F007300740025003300410035003700310033003200250032004600470069006F00480061006E0067002500320046005800610063004E00680061006E0044006F006E00480061006E0067000200000040000000000150000000000100000066A34D019BA800000000000000002240010000000000000001000000000000000000E03F000000000000000000000000000000000000000000000000000000000000F03F20C7711CC771BC3F0800000000000000
GO
UPDATE STATISTICS [dbo].[SanPham]([PK__SanPham__2725081C8DE3ECF8]) WITH STATS_STREAM = 0x0100000001000000000000000000000090B1179800000000DD020000000000009D02000000000000380300253800000004000A0000000000000000000046006307000000DA2A7D019BA80000080000000000000008000000000000000000803F0000003E00000000000000000000000000000000000000000000000000000000000000000000000000000000000000000000000000000000000000000000000000000000000000000000000000000000000000000000000000000000000000000000000000000000000000000000000000000000000000000000000000000000000000000700000007000000010000001400000000008040000000410000000000008040000000000000000000000000000000000000000000000000000000000000000000000000000000000000000000000000000000000000000000000000000000000000000000000000000000000000000000000000000000000000000000000000000000000000000000000000000000000000000000000000000000000000000019000000000000000000000000000000D9000000000000002901000000000000310100000000000038000000000000004F0000000000000066000000000000007D000000000000009400000000000000AB00000000000000C200000000000000100014000000803F000000000000803F03000000040000100014000000803F000000000000803F06000000040000100014000000803F0000803F0000803F08000000040000100014000000803F000000000000803F0C000000040000100014000000803F000000000000803F0D000000040000100014000000803F000000000000803F11000000040000100014000000803F000000000000803F12000000040000010000005FCE04019AA800000000000000002040080000000000000007000000000000000000C03F00000000000000000000000000000000000000000000F03F000000000000F03F00000000000000000800000000000000, ROWCOUNT = 8, PAGECOUNT = 1
GO
SET IDENTITY_INSERT [dbo].[SanPham] ON
INSERT [dbo].[SanPham] ([MaSP], [TenSP], [MaNhaSanXuat], [MaLoai], [HinhAnh], [MoTa], [TieuBieu], [KhuyenMai], [Video], [GiaBan], [NgayCapNhat], [CauHinh], [Madong], [HesoKM], [GiaSale], [TT], [TTTT]) VALUES (3, N'Dragon Ball Xenoverse 1', 1, 1, N'1.png', N'Dragon Ball XenoVerse (viết tắt là Dragon Ball XV) là một  trò chơi video chiến đấu - nhập vai dựa trên truyện tranh Dragon Ball,  được phát triển bởi Dimps và phát hành bởi Bandai Namco Games. Nó được phát hành vào tháng 2 năm 2015 cho PlayStation 3, PlayStation 4, Xbox 360, Xbox One, và Microsoft Windows. Nó là trò chơi Dragon Ball đầu tiên  phát hành cho    video game console thế hệ thứ tám', 1, 1, N'3XDHevQuvRg', 3, CAST(0x0000A89B00000000 AS DateTime), N'Hệ điều hành: Windows 8.1 64 Bit, Windows 8 64 Bit, Windows 7 64 Bit SP1, Windows Vista 64 Bit SP2 (Khuyến khích nên sử dụng VGA Nvidia nếu chạy Vista)', 1, 0.20000000298023224, 2, 1, NULL)
INSERT [dbo].[SanPham] ([MaSP], [TenSP], [MaNhaSanXuat], [MaLoai], [HinhAnh], [MoTa], [TieuBieu], [KhuyenMai], [Video], [GiaBan], [NgayCapNhat], [CauHinh], [Madong], [HesoKM], [GiaSale], [TT], [TTTT]) VALUES (6, N'Dragon Ball Xenoverse 2', 1, 1, N'dbx1.jpg', N'fadds', 1, 1, N'', 250, CAST(0x0000A89B00000000 AS DateTime), N'sfsfHệ điều hành: Windows 8.1 64 Bit, Windows 8 64 Bit, Windows 7 64 Bit SP1, Windows Vista 64 Bit SP2 (Khuyến khích nên sử dụng VGA Nvidia nếu chạy Vista)', 1, 0.20000000298023224, 199, 1, NULL)
INSERT [dbo].[SanPham] ([MaSP], [TenSP], [MaNhaSanXuat], [MaLoai], [HinhAnh], [MoTa], [TieuBieu], [KhuyenMai], [Video], [GiaBan], [NgayCapNhat], [CauHinh], [Madong], [HesoKM], [GiaSale], [TT], [TTTT]) VALUES (7, N'GTA V', 4, 3, N'duc.jpg', N'Grand Theft Auto V là trò chơi video được phát triển bởi Rockstar North thuộc hãng Rockstar Games. Là phiên bản thứ mười lăm trong Dòng trò chơi Grand Theft Auto và là phần kế tiếp của Grand Theft Auto IV.', 1, 0, N'T9OB7sc7b3k', 5, CAST(0x0000A89B00000000 AS DateTime), N'Hệ điều hành: Windows 8.1 64 Bit, Windows 8 64 Bit, Windows 7 64 Bit SP1, Windows Vista 64 Bit SP2 (Khuyến khích nên sử dụng VGA Nvidia nếu chạy Vista)
CPU: Intel Core 2 Quad Q6600 2.40GHz / AMD Phenom 9850 Quad Core 2.5GHz
RAM: 4GB
VGA: NVIDIA 9800 GT 1GB / AMD HD 4870 1GB VRAM
HDD: 65GB', 1, 0.30000001192092896, 3, 1, NULL)
INSERT [dbo].[SanPham] ([MaSP], [TenSP], [MaNhaSanXuat], [MaLoai], [HinhAnh], [MoTa], [TieuBieu], [KhuyenMai], [Video], [GiaBan], [NgayCapNhat], [CauHinh], [Madong], [HesoKM], [GiaSale], [TT], [TTTT]) VALUES (8, N'Pro Evolution Soccer 2017', 1, 1, N'pes.jpg', N'dadacaca', NULL, 0, NULL, 400, CAST(0x0000A83A00000000 AS DateTime), N'Hệ điều hành: Windows 8.1 64 Bit, Windows 8 64 Bit, Windows 7 64 Bit SP1, Windows Vista 64 Bit SP2 (Khuyến khích nên sử dụng VGA Nvidia nếu chạy Vista)', 1, 0, 400, 0, NULL)
INSERT [dbo].[SanPham] ([MaSP], [TenSP], [MaNhaSanXuat], [MaLoai], [HinhAnh], [MoTa], [TieuBieu], [KhuyenMai], [Video], [GiaBan], [NgayCapNhat], [CauHinh], [Madong], [HesoKM], [GiaSale], [TT], [TTTT]) VALUES (12, N'Fia 17', 3, 7, N'fifa.jpg', N'sacascava', NULL, 0, NULL, 450, CAST(0x0000A83A00000000 AS DateTime), N'Hệ điều hành: Windows 8.1 64 Bit, Windows 8 64 Bit, Windows 7 64 Bit SP1, Windows Vista 64 Bit SP2 (Khuyến khích nên sử dụng VGA Nvidia nếu chạy Vista)', 1, 0, 450, 0, NULL)
INSERT [dbo].[SanPham] ([MaSP], [TenSP], [MaNhaSanXuat], [MaLoai], [HinhAnh], [MoTa], [TieuBieu], [KhuyenMai], [Video], [GiaBan], [NgayCapNhat], [CauHinh], [Madong], [HesoKM], [GiaSale], [TT], [TTTT]) VALUES (13, N'Ma Cà Rồng', 2, 5, N'ud.jpg', N'ascdaca', NULL, 1, NULL, 150, CAST(0x0000A83A00000000 AS DateTime), N'Hệ điều hành: Windows 8.1 64 Bit, Windows 8 64 Bit, Windows 7 64 Bit SP1, Windows Vista 64 Bit SP2 (Khuyến khích nên sử dụng VGA Nvidia nếu chạy Vista)', 1, 0.2, 120, 1, NULL)
INSERT [dbo].[SanPham] ([MaSP], [TenSP], [MaNhaSanXuat], [MaLoai], [HinhAnh], [MoTa], [TieuBieu], [KhuyenMai], [Video], [GiaBan], [NgayCapNhat], [CauHinh], [Madong], [HesoKM], [GiaSale], [TT], [TTTT]) VALUES (17, N'Pokémon Omega Ruby', 4, 3, N'pkm.jpg', N'	Pokémon Omega Ruby và Alpha Sapphire (ポケットモンスター オメガルビー&アルファサファイア Poketto Monsutā Omega Rubī & Arufa Safaia?) là hai tựa video game được phát hành bởi Game Freak và cho hệ máy cầm tay Nintendo 3DS. Đây là hai bản "làm lại" của hai tựa game năm 2002 Pokemon Ruby & Sapphire[1]. Game được công bố vào ngày 7 tháng 5 năm 2014 trong một Teaser của Nintendo[2][3].Và cuối cùng bạn sẽ giúp team Magma bắt Groudon(nếu là Omega ruby).Còn ở Alpha Sapphire bạn sẽ giúp team Aqua bắt Kyogre', 1, 1, N'0P5Lhr3InQM&t=3s', 500, CAST(0x0000A83A00000000 AS DateTime), N'Hệ điều hành: Windows 8.1 64 Bit, Windows 8 64 Bit, Windows 7 64 Bit SP1, Windows Vista 64 Bit SP2 (Khuyến khích nên sử dụng VGA Nvidia nếu chạy Vista)', 3, 0.1, 450, 0, N'https://www.baokim.vn/payment/product/version11?business=quan.dinh130696%40gmail.com&id=&order_description=%C4%90%C3%A2y+l%C3%A0+Game&product_name=Pok%C3%A9mon+Omega+Ruby&product_price=450000&product_quantity=1&total_amount=450000&url_cancel=&url_detail=http%3A%2F%2Flocalhost%3A57132%2FUser%2Fchitiet%2F17&url_success=http%3A%2F%2Flocalhost%3A57132%2FGioHang%2FXacNhanDonHang')
INSERT [dbo].[SanPham] ([MaSP], [TenSP], [MaNhaSanXuat], [MaLoai], [HinhAnh], [MoTa], [TieuBieu], [KhuyenMai], [Video], [GiaBan], [NgayCapNhat], [CauHinh], [Madong], [HesoKM], [GiaSale], [TT], [TTTT]) VALUES (18, N'Pokémon Ruby', 2, 3, N'pkm.jpg', N'pkm.jpg', 1, 1, N'0P5Lhr3InQM&t=3s', 150, CAST(0x0000A83A00000000 AS DateTime), N'Hệ điều hành: Windows 8.1 64 Bit, Windows 8 64 Bit, Windows 7 64 Bit SP1, Windows Vista 64 Bit SP2 (Khuyến khích nên sử dụng VGA Nvidia nếu chạy Vista)', 1, 0.1, 135, 1, NULL)
SET IDENTITY_INSERT [dbo].[SanPham] OFF
/****** Object:  Table [dbo].[GopY]    Script Date: 03/07/2018 17:38:12 ******/
SET ANSI_NULLS ON
GO
SET QUOTED_IDENTIFIER ON
GO
CREATE TABLE [dbo].[GopY](
	[MaGopy] [int] NOT NULL,
	[NoiDungGopY] [nvarchar](50) NULL,
	[MaKhachHang] [int] NOT NULL,
 CONSTRAINT [PK__GopY__7EC2B7116E7C4003] PRIMARY KEY CLUSTERED 
(
	[MaGopy] ASC
)WITH (PAD_INDEX  = OFF, STATISTICS_NORECOMPUTE  = OFF, IGNORE_DUP_KEY = OFF, ALLOW_ROW_LOCKS  = ON, ALLOW_PAGE_LOCKS  = ON) ON [PRIMARY]
) ON [PRIMARY]
GO
UPDATE STATISTICS [dbo].[GopY]([PK__GopY__7EC2B7116E7C4003]) WITH STATS_STREAM = 0x01000000010000000000000000000000ED0358EE0000000040000000000000000000000000000000380300003800000004000A00000000000000000000000000, ROWCOUNT = 0, PAGECOUNT = 0
GO
/****** Object:  Table [dbo].[DatHang]    Script Date: 03/07/2018 17:38:12 ******/
SET ANSI_NULLS ON
GO
SET QUOTED_IDENTIFIER ON
GO
SET ANSI_PADDING ON
GO
CREATE TABLE [dbo].[DatHang](
	[SoDH] [int] IDENTITY(1,1) NOT NULL,
	[MaKhachHang] [int] NOT NULL,
	[NgayDatHang] [datetime] NULL,
	[DaGiao] [bit] NULL,
	[NgayGiaoHang] [datetime] NULL,
	[TenNguoiNhan] [nvarchar](30) NULL,
	[DiaChiNhan] [nvarchar](50) NULL,
	[DienThoaiNhan] [varchar](12) NULL,
	[HTThanhToan] [bit] NULL,
	[HTGiaoHang] [bit] NULL,
 CONSTRAINT [PK__DatHang__BC3D04DC15ABA071] PRIMARY KEY CLUSTERED 
(
	[SoDH] ASC
)WITH (PAD_INDEX  = OFF, STATISTICS_NORECOMPUTE  = OFF, IGNORE_DUP_KEY = OFF, ALLOW_ROW_LOCKS  = ON, ALLOW_PAGE_LOCKS  = ON) ON [PRIMARY]
) ON [PRIMARY]
GO
SET ANSI_PADDING OFF
GO
CREATE STATISTICS [_WA_Sys_00000002_59FA5E80] ON [dbo].[DatHang]([MaKhachHang]) WITH STATS_STREAM = 0x01000000010000000000000000000000E67BD43700000000DA020000000000009A02000000000000380300003800000004000A0000000000000000000046006307000000C72A7D019BA800000D000000000000000D00000000000000000000000000003F000000000000000000000000000000000000000000000000000000000000000000000000000000000000000000000000000000000000000000000000000000000000000000000000000000000000000000000000000000000000000000000000000000000000000000000000000000000000000000000000000000000000000002000000020000000100000014000000000080400000504100000000000080400000000000000000000000000000000000000000000000000000000000000000000000000000000000000000000000000000000000000000000000000000000000000000000000000000000000000000000000000000000000000000000000000000000000000000000000000000000000000000000000000000000000000000190000000000000000000000000000003E0000000000000026010000000000002E01000000000000100000000000000027000000000000001000140000000041000000000000803F09000000040000100014000000A040000000000000803F0C00000004000003000000923D960048A800000000000000002040080000000000000001000000000000000000F03F000000000000144000000000000000000000000000001240000000000000E0BF9E06D84EDC67E13F064A44013AA800000000000000002040000000000000000001000000000000000000F03F00000000000000000000000000000000000000000000104000000000000010400000000000000000B328AF00C7A700000000000000002040000000000000000001000000000000000000F03F000000000000000000000000000000000000000000001040000000000000104000000000000000000D00000000000000
GO
CREATE STATISTICS [_WA_Sys_00000003_59FA5E80] ON [dbo].[DatHang]([NgayDatHang]) WITH STATS_STREAM = 0x01000000010000000000000000000000D036253D00000000D10300000000000091030000000000003D0200003D0000000800170300000000000000000000000007000000C72A7D019BA800000D000000000000000D000000000000000000803FD9899D3D00000000000000000000000000000000000000000000000000000000000000000000000000000000000000000000000000000000000000000000000000000000000000000000000000000000000000000000000000000000000000000000000000000000000000000000000000000000000000000000000000000000000000000B0000000B00000001000000180000000000004100005041000000000000004100000000000000000000000000000000000000000000000000000000000000000000000000000000000000000000000000000000000000000000000000000000000000000000000000000000000000000000000000000000000000000000000000000000000000000000000000000000000000000000000000000000000000001900000000000000000000000000000081010000000000001D020000000000002502000000000000580000000000000073000000000000008E00000000000000A900000000000000C400000000000000DF00000000000000FA00000000000000150100000000000030010000000000004B010000000000006601000000000000100018000000803F000000000000803F66447A01C1A70000040000100018000000803F000000000000803F0A977B01C1A70000040000100018000000803F000000400000803FAB7AF000C2A70000040000100018000000803F000000000000803F82940700C3A70000040000100018000000803F000000000000803FF9BF1900C3A70000040000100018000000803F000000000000803FAB9A5701C5A70000040000100018000000803F000000000000803F0E21C30050A80000040000100018000000803F000000000000803FC258B2009AA80000040000100018000000803F000000000000803FDFD5C6009AA80000040000100018000000803F000000000000803FE072C8009AA80000040000100018000000803F000000000000803FDC61F9009AA8000004000002000000B328AF00C7A700000000000000002040000000000000000006000000000000000000C03F0000000000001440000000000000000000000000000021400000000000000C40C0D97C935841E23FA1FE7C01C1A700000000000000000840030000000000000003000000000000605555D53FE4412A35C3F717400000000000000000000000000000144000000000000000005809782F52D1EC3F0D00000000000000
GO
CREATE STATISTICS [_WA_Sys_00000004_59FA5E80] ON [dbo].[DatHang]([DaGiao]) WITH STATS_STREAM = 0x01000000010000000000000000000000F4977F2A000000008802000000000000480200000000000068020000680000000100010000000000000000000000000007000000C72A7D019BA800000D000000000000000D00000000000000000000000000003F0000000000000000000000000000000000000000000000000000000000000000000000000000000000000000000000000000000000000000000000000000000000000000000000000000000000000000000000000000000000000000000000000000000000000000000000000000000000000000000000000000000000000000020000000200000001000000110000000000803F00005041000000000000803F0000000000000000000000000000000000000000000000000000000000000000000000000000000000000000000000000000000000000000000000000000000000000000000000000000000000000000000000000000000000000000000000000000000000000000000000000000000000000000000000000000000000000000190000000000000000000000000000003800000000000000D400000000000000DC00000000000000100000000000000024000000000000001000110000003041000000000000803F000400001000110000000040000000000000803F0104000002000000AA28AF00C7A700000000000000002040000000000000000002000000000000000000E03F0000000000000000000000000000000000000000000021400000000000000C40D9899DD8899DC83FA1FE7C01C1A700000000000000000840030000000000000001000000000000000000F03F0000000000000040000000000000000000000000000024400000000000001440CD3B7F669EA0D63F0D00000000000000
GO
CREATE STATISTICS [_WA_Sys_00000005_59FA5E80] ON [dbo].[DatHang]([NgayGiaoHang]) WITH STATS_STREAM = 0x01000000010000000000000000000000FE41CE9000000000680300000000000028030000000000003D0200003D0000000800170300000000000000000000000007000000C72A7D019BA800000D000000000000000D00000000000000000000000000003E000000000000000000000000000000000000000000000000000000000000000000000000000000000000000000000000000000000000000000000000000000000000000000000000000000000000000000000000000000000000000000000000000000000000000000000000000000000000000000000000000000000000000008000000080000000100000018000000000000410000504100000000000000410000000000000000000000000000000000000000000000000000000000000000000000000000000000000000000000000000000000000000000000000000000000000000000000000000000000000000000000000000000000000000000000000000000000000000000000000000000000000000000000000000000000000000190000000000000000000000000000001801000000000000B401000000000000BC0100000000000040000000000000005B0000000000000076000000000000009100000000000000AC00000000000000C700000000000000E200000000000000FD00000000000000100018000000803F000000000000803F00000000C3A70000040000100018000000803F000000000000803F00000000D3A700000400001000180000000040000000000000803F00000000DAA70000040000100018000000803F000000000000803F00000000DBA70000040000100018000000803F000000000000803F00000000DDA700000400001000180000000040000000000000803F00000000E1A70000040000100018000000803F000000000000803F0000000050A800000400001000180000008040000000000000803F000000009AA8000004000002000000A028AF00C7A700000000000000002040000000000000000006000000000000605555C53F0000000000001440000000000000000000000000000021400000000000000C403E538E24CBB4EC3F9DFE7C01C1A700000000000000000840030000000000000002000000000000605555D53F0000000000000040000000000000084000000000000014400000000000000000A21F1A87C286E43F0D00000000000000
GO
CREATE STATISTICS [_WA_Sys_00000008_0AD2A005] ON [dbo].[DatHang]([DienThoaiNhan]) WITH STATS_STREAM = 0x01000000010000000000000000000000446E855800000000C3020000000000008302000000000000A7020000A70000000C0000000000000008D000340000000007000000CC2A7D019BA800000D000000000000000D00000000000000000000000000803F0000000000000000000000000000000000000000000000000000000000000000000000000000000000000000000000000000000000000000000000000000000000000000000000000000000000000000000000000000000000000000000000000000000000000000000000000000000000000000000000000000000000000000010000000100000001000000100000000000404100005041000000000000404100000000000000000000000000000000000000000000000000000000000000000000000000000000000000000000000000000000000000000000000000000000000000000000000000000000000000000000000000000000000000000000000000000000000000000000000000000000000000000000000000000000000000001B0000000000000000000000000000002B000000000000006B0000000000000007010000000000000F0100000000000008000000000000003000100000005041000000000000803F04000001002300303136373931393138383220FF01000000000000000500000001000000280000002800000000000000000000000C000000303136373931393138383220020000004000000000050C0000000002000000763D960048A800000000000000002040080000000000000001000000000000000000F03F000000000000000000000000000000000000000000001240000000000000E0BF0000000000000000BE4944013AA800000000000000002040000000000000000001000000000000000000F03F000000000000000000000000000000000000000000001040000000000000104000000000000000000D00000000000000
GO
CREATE STATISTICS [_WA_Sys_00000009_59FA5E80] ON [dbo].[DatHang]([HTThanhToan]) WITH STATS_STREAM = 0x01000000010000000000000000000000B16A29C0000000008802000000000000480200000000000068020C0268000000010001000000000000000000FFFFFFFF07000000CC2A7D019BA800000D000000000000000D00000000000000000000000000003F0000000000000000000000000000000000000000000000000000000000000000000000000000000000000000000000000000000000000000000000000000000000000000000000000000000000000000000000000000000000000000000000000000000000000000000000000000000000000000000000000000000000000000020000000200000001000000110000000000803F00005041000000000000803F0000000000000000000000000000000000000000000000000000000000000000000000000000000000000000000000000000000000000000000000000000000000000000000000000000000000000000000000000000000000000000000000000000000000000000000000000000000000000000000000000000000000000000190000000000000000000000000000003800000000000000D400000000000000DC00000000000000100000000000000024000000000000001000110000003041000000000000803F000400001000110000000040000000000000803F01040000020000006428AF00C7A700000000000000002040000000000000000002000000000000000000E03F0000000000000000000000000000000000000000000021400000000000000C40D9899DD8899DC83F8FFE7C01C1A700000000000000000840030000000000000001000000000000000000F03F0000000000000040000000000000000000000000000020400000000000000840CD3B7F669EA0D63F0D00000000000000
GO
CREATE STATISTICS [_WA_Sys_0000000A_59FA5E80] ON [dbo].[DatHang]([HTGiaoHang]) WITH STATS_STREAM = 0x01000000010000000000000000000000794BC0DB000000008802000000000000480200000000000068020C0268000000010001000000000000000000FFFFFFFF07000000CC2A7D019BA800000D000000000000000D00000000000000000000000000003F0000000000000000000000000000000000000000000000000000000000000000000000000000000000000000000000000000000000000000000000000000000000000000000000000000000000000000000000000000000000000000000000000000000000000000000000000000000000000000000000000000000000000000020000000200000001000000110000000000803F00005041000000000000803F0000000000000000000000000000000000000000000000000000000000000000000000000000000000000000000000000000000000000000000000000000000000000000000000000000000000000000000000000000000000000000000000000000000000000000000000000000000000000000000000000000000000000000190000000000000000000000000000003800000000000000D400000000000000DC00000000000000100000000000000024000000000000001000110000003041000000000000803F000400001000110000000040000000000000803F01040000020000005A28AF00C7A700000000000000002040000000000000000002000000000000000000E03F0000000000000000000000000000000000000000000021400000000000000C40D9899DD8899DC83F8FFE7C01C1A700000000000000000840030000000000000001000000000000000000F03F000000000000004000000000000000000000000000001840000000000000F03FCD3B7F669EA0D63F0D00000000000000
GO
UPDATE STATISTICS [dbo].[DatHang]([PK__DatHang__BC3D04DC15ABA071]) WITH STATS_STREAM = 0x010000000100000000000000000000003E0769310000000075030000000000003503000000000000380300003800000004000A0000000000000000000000000007000000C32A7D019BA800000D000000000000000D000000000000000000803FD9899D3D00000000000000000000000000000000000000000000000000000000000000000000000000000000000000000000000000000000000000000000000000000000000000000000000000000000000000000000000000000000000000000000000000000000000000000000000000000000000000000000000000000000000000000700000007000000010000001400000000008040000050410000000000008040000000000000000000000000000000000000000000000000000000000000000000000000000000000000000000000000000000000000000000000000000000000000000000000000000000000000000000000000000000000000000000000000000000000000000000000000000000000000000000000000000000000000000019000000000000000000000000000000D900000000000000C101000000000000C90100000000000038000000000000004F0000000000000066000000000000007D000000000000009400000000000000AB00000000000000C200000000000000100014000000803F000000000000803F01000000040000100014000000803F000000000000803F02000000040000100014000000803F000000400000803F06000000040000100014000000803F0000803F0000803F08000000040000100014000000803F0000803F0000803F0A000000040000100014000000803F0000803F0000803F0C000000040000100014000000803F0000803F0000803F0E000000040000030000008D3D960048A800000000000000002040080000000000000005000000000000000000C03F000000000000164000000000000000000000000000001240000000000000E0BF5483650286BDE33FCE4944013AA800000000000000002040000000000000000005000000000000000000C03F000000000000000000000000000000000000000000001040000000000000104000000000000000005A28AF00C7A700000000000000002040000000000000000005000000000000000000C03F000000000000000000000000000000000000000000001040000000000000104000000000000000000D00000000000000, ROWCOUNT = 29, PAGECOUNT = 3
GO
SET IDENTITY_INSERT [dbo].[DatHang] ON
INSERT [dbo].[DatHang] ([SoDH], [MaKhachHang], [NgayDatHang], [DaGiao], [NgayGiaoHang], [TenNguoiNhan], [DiaChiNhan], [DienThoaiNhan], [HTThanhToan], [HTGiaoHang]) VALUES (1, 9, CAST(0x0000A7C1017A4466 AS DateTime), 1, CAST(0x0000A7DD00000000 AS DateTime), N'Huỳnh Anh Huy', N'AnGiang', N'01679191882 ', 1, 1)
INSERT [dbo].[DatHang] ([SoDH], [MaKhachHang], [NgayDatHang], [DaGiao], [NgayGiaoHang], [TenNguoiNhan], [DiaChiNhan], [DienThoaiNhan], [HTThanhToan], [HTGiaoHang]) VALUES (2, 9, CAST(0x0000A7C1017B970A AS DateTime), 1, CAST(0x0000A7DA00000000 AS DateTime), N'Huỳnh Anh Huy', N'AnGiang', N'01679191882 ', 1, 1)
INSERT [dbo].[DatHang] ([SoDH], [MaKhachHang], [NgayDatHang], [DaGiao], [NgayGiaoHang], [TenNguoiNhan], [DiaChiNhan], [DienThoaiNhan], [HTThanhToan], [HTGiaoHang]) VALUES (4, 9, CAST(0x0000A7C2007ACA6A AS DateTime), 0, CAST(0x0000A7C300000000 AS DateTime), N'Huỳnh Anh Huy', N'AnGiang', N'01679191882 ', 0, 0)
INSERT [dbo].[DatHang] ([SoDH], [MaKhachHang], [NgayDatHang], [DaGiao], [NgayGiaoHang], [TenNguoiNhan], [DiaChiNhan], [DienThoaiNhan], [HTThanhToan], [HTGiaoHang]) VALUES (5, 9, CAST(0x0000A7C200F078E8 AS DateTime), 0, CAST(0x0000A7E100000000 AS DateTime), N'Huỳnh Anh Huy', N'AnGiang', N'01679191882 ', 0, 0)
INSERT [dbo].[DatHang] ([SoDH], [MaKhachHang], [NgayDatHang], [DaGiao], [NgayGiaoHang], [TenNguoiNhan], [DiaChiNhan], [DienThoaiNhan], [HTThanhToan], [HTGiaoHang]) VALUES (6, 9, CAST(0x0000A7C200F07AAB AS DateTime), 0, CAST(0x0000A7E100000000 AS DateTime), N'Huỳnh Anh Huy', N'AnGiang', N'01679191882 ', 0, 0)
INSERT [dbo].[DatHang] ([SoDH], [MaKhachHang], [NgayDatHang], [DaGiao], [NgayGiaoHang], [TenNguoiNhan], [DiaChiNhan], [DienThoaiNhan], [HTThanhToan], [HTGiaoHang]) VALUES (7, 9, CAST(0x0000A7C300079482 AS DateTime), 0, CAST(0x0000A7DB00000000 AS DateTime), N'Huỳnh Anh Huy', N'AnGiang', N'01679191882 ', 0, 0)
INSERT [dbo].[DatHang] ([SoDH], [MaKhachHang], [NgayDatHang], [DaGiao], [NgayGiaoHang], [TenNguoiNhan], [DiaChiNhan], [DienThoaiNhan], [HTThanhToan], [HTGiaoHang]) VALUES (8, 9, CAST(0x0000A7C30019BFF9 AS DateTime), 0, CAST(0x0000A7DA00000000 AS DateTime), N'Huỳnh Anh Huy', N'AnGiang', N'01679191882 ', 0, 0)
INSERT [dbo].[DatHang] ([SoDH], [MaKhachHang], [NgayDatHang], [DaGiao], [NgayGiaoHang], [TenNguoiNhan], [DiaChiNhan], [DienThoaiNhan], [HTThanhToan], [HTGiaoHang]) VALUES (9, 9, CAST(0x0000A7C501579AAB AS DateTime), 0, CAST(0x0000A7D300000000 AS DateTime), N'Huỳnh Anh Huy', N'AnGiang', N'01679191882 ', 0, 0)
INSERT [dbo].[DatHang] ([SoDH], [MaKhachHang], [NgayDatHang], [DaGiao], [NgayGiaoHang], [TenNguoiNhan], [DiaChiNhan], [DienThoaiNhan], [HTThanhToan], [HTGiaoHang]) VALUES (10, 12, CAST(0x0000A85000C3210E AS DateTime), 0, CAST(0x0000A85000000000 AS DateTime), N'aaa', N'An Giang', N'01679191882 ', 0, 0)
INSERT [dbo].[DatHang] ([SoDH], [MaKhachHang], [NgayDatHang], [DaGiao], [NgayGiaoHang], [TenNguoiNhan], [DiaChiNhan], [DienThoaiNhan], [HTThanhToan], [HTGiaoHang]) VALUES (11, 12, CAST(0x0000A89A00B258C2 AS DateTime), 0, CAST(0x0000A89A00000000 AS DateTime), N'aaa', N'An Giang', N'01679191882 ', 0, 0)
INSERT [dbo].[DatHang] ([SoDH], [MaKhachHang], [NgayDatHang], [DaGiao], [NgayGiaoHang], [TenNguoiNhan], [DiaChiNhan], [DienThoaiNhan], [HTThanhToan], [HTGiaoHang]) VALUES (12, 12, CAST(0x0000A89A00C6D5DF AS DateTime), 0, CAST(0x0000A89A00000000 AS DateTime), N'aaa', N'An Giang', N'01679191882 ', 0, 0)
INSERT [dbo].[DatHang] ([SoDH], [MaKhachHang], [NgayDatHang], [DaGiao], [NgayGiaoHang], [TenNguoiNhan], [DiaChiNhan], [DienThoaiNhan], [HTThanhToan], [HTGiaoHang]) VALUES (13, 12, CAST(0x0000A89A00C872E0 AS DateTime), 0, CAST(0x0000A89A00000000 AS DateTime), N'aaa', N'An Giang', N'01679191882 ', 0, 0)
INSERT [dbo].[DatHang] ([SoDH], [MaKhachHang], [NgayDatHang], [DaGiao], [NgayGiaoHang], [TenNguoiNhan], [DiaChiNhan], [DienThoaiNhan], [HTThanhToan], [HTGiaoHang]) VALUES (14, 12, CAST(0x0000A89A00F961DC AS DateTime), 0, CAST(0x0000A89A00000000 AS DateTime), N'aaa', N'An Giang', N'01679191882 ', 0, 0)
SET IDENTITY_INSERT [dbo].[DatHang] OFF
/****** Object:  Table [dbo].[ChiTietDat]    Script Date: 03/07/2018 17:38:12 ******/
SET ANSI_NULLS ON
GO
SET QUOTED_IDENTIFIER ON
GO
CREATE TABLE [dbo].[ChiTietDat](
	[SoDH] [int] NOT NULL,
	[MaSP] [int] NOT NULL,
	[SoLuong] [int] NULL,
	[DonGia] [int] NULL,
	[ThanhTien] [int] NULL,
 CONSTRAINT [PK__ChiTietD__6E4F545D2C95D97B] PRIMARY KEY CLUSTERED 
(
	[SoDH] ASC,
	[MaSP] ASC
)WITH (PAD_INDEX  = OFF, STATISTICS_NORECOMPUTE  = OFF, IGNORE_DUP_KEY = OFF, ALLOW_ROW_LOCKS  = ON, ALLOW_PAGE_LOCKS  = ON) ON [PRIMARY]
) ON [PRIMARY]
GO
CREATE STATISTICS [_WA_Sys_00000002_1DE57479] ON [dbo].[ChiTietDat]([MaSP]) WITH STATS_STREAM = 0x0100000001000000000000000000000028AF05DD0000000066020000000000002602000000000000380300003800000004000A00000000000000000000000000070000008AEC04019AA8000013000000000000001300000000000000ABAAAA3E2549123E00000000000000000000000000000000000000000000000000000000000000000000000000000000000000000000000000000000000000000000000000000000000000000000000000000000000000000000000000000000000000000000000000000000000000000000000000000000000000000000000000000000000000000600000006000000010000001400000000008040000098410000000000008040000000000000000000000000000000000000000000000000000000000000000000000000000000000000000000000000000000000000000000000000000000000000000000000000000000000000000000000000000000000000000000000000000000000000000000000000000000000000000000000000000000000000000011000000000000000000000000000000BA00000000000000C200000000000000300000000000000047000000000000005E0000000000000075000000000000008C00000000000000A3000000000000001000140000000040000000000000803F060000000400001000140000004040000040400000404008000000040000100014000000803F000000000000803F0C0000000400001000140000000040000000000000803F0D000000040000100014000000A040000000000000803F110000000400001000140000004040000000000000803F120000000400001300000000000000
GO
UPDATE STATISTICS [dbo].[ChiTietDat]([PK__ChiTietD__6E4F545D2C95D97B]) WITH STATS_STREAM = 0x010000000200000000000000000000005845796E00000000FA02000000000000A202000000000000380300003800000004000A00000000000000000000000000380300003800000004000A000000000000000000000000000700000085EC04019AA8000013000000000000001300000000000000ABAA2A3FABAAAA3D3694573D000000000000000000000000000000000000000000000000000000000000000000000000000000000000000000000000000000000000000000000000000000000000000000000000000000000000000000000000000000000000000000000000000000000000000000000000000000000000000000000000000000000A0000000A00000002000000140000000000004100009841000000000000804000008040000000000000000000000000000000000000000000000000000000000000000000000000000000000000000000000000000000000000000000000000000000000000000000000000000000000000000000000000000000000000000000000000000000000000000000000000000000000000000000000000000000001100000000000000000000000000000036010000000000003E01000000000000500000000000000067000000000000007E000000000000009500000000000000AC00000000000000C300000000000000DA00000000000000F10000000000000008010000000000001F01000000000000100014000000803F000000000000803F010000000400001000140000004040000000000000803F02000000040000100014000000803F000000000000803F04000000040000100014000000803F000000000000803F050000000400001000140000000040000000000000803F070000000400001000140000000040000000000000803F08000000040000100014000000803F0000803F0000803F0A000000040000100014000000803F000000000000803F0B000000040000100014000000004000000040000000400D0000000400001000140000000040000000000000803F0E0000000400001300000000000000, ROWCOUNT = 19, PAGECOUNT = 1
GO
INSERT [dbo].[ChiTietDat] ([SoDH], [MaSP], [SoLuong], [DonGia], [ThanhTien]) VALUES (1, 8, 1, 400, NULL)
INSERT [dbo].[ChiTietDat] ([SoDH], [MaSP], [SoLuong], [DonGia], [ThanhTien]) VALUES (2, 6, 1, 350, NULL)
INSERT [dbo].[ChiTietDat] ([SoDH], [MaSP], [SoLuong], [DonGia], [ThanhTien]) VALUES (2, 7, 1, 500, NULL)
INSERT [dbo].[ChiTietDat] ([SoDH], [MaSP], [SoLuong], [DonGia], [ThanhTien]) VALUES (2, 8, 1, 400, NULL)
INSERT [dbo].[ChiTietDat] ([SoDH], [MaSP], [SoLuong], [DonGia], [ThanhTien]) VALUES (4, 7, 1, 500, NULL)
INSERT [dbo].[ChiTietDat] ([SoDH], [MaSP], [SoLuong], [DonGia], [ThanhTien]) VALUES (5, 7, 1, 500, NULL)
INSERT [dbo].[ChiTietDat] ([SoDH], [MaSP], [SoLuong], [DonGia], [ThanhTien]) VALUES (7, 6, 1, 350, NULL)
INSERT [dbo].[ChiTietDat] ([SoDH], [MaSP], [SoLuong], [DonGia], [ThanhTien]) VALUES (7, 13, 1, 150, NULL)
INSERT [dbo].[ChiTietDat] ([SoDH], [MaSP], [SoLuong], [DonGia], [ThanhTien]) VALUES (8, 8, 5, 400, NULL)
INSERT [dbo].[ChiTietDat] ([SoDH], [MaSP], [SoLuong], [DonGia], [ThanhTien]) VALUES (8, 12, 6, 450, NULL)
INSERT [dbo].[ChiTietDat] ([SoDH], [MaSP], [SoLuong], [DonGia], [ThanhTien]) VALUES (9, 17, 5, 500, NULL)
INSERT [dbo].[ChiTietDat] ([SoDH], [MaSP], [SoLuong], [DonGia], [ThanhTien]) VALUES (10, 17, 1, 450, 450)
INSERT [dbo].[ChiTietDat] ([SoDH], [MaSP], [SoLuong], [DonGia], [ThanhTien]) VALUES (11, 17, 2, 450, 900)
INSERT [dbo].[ChiTietDat] ([SoDH], [MaSP], [SoLuong], [DonGia], [ThanhTien]) VALUES (12, 17, 1, 450, 450)
INSERT [dbo].[ChiTietDat] ([SoDH], [MaSP], [SoLuong], [DonGia], [ThanhTien]) VALUES (12, 18, 1, 135, 135)
INSERT [dbo].[ChiTietDat] ([SoDH], [MaSP], [SoLuong], [DonGia], [ThanhTien]) VALUES (13, 17, 1, 450, 450)
INSERT [dbo].[ChiTietDat] ([SoDH], [MaSP], [SoLuong], [DonGia], [ThanhTien]) VALUES (13, 18, 1, 135, 135)
INSERT [dbo].[ChiTietDat] ([SoDH], [MaSP], [SoLuong], [DonGia], [ThanhTien]) VALUES (14, 13, 1, 120, 120)
INSERT [dbo].[ChiTietDat] ([SoDH], [MaSP], [SoLuong], [DonGia], [ThanhTien]) VALUES (14, 18, 1, 135, 135)
/****** Object:  Check [CK_DatHang_DT]    Script Date: 03/07/2018 17:38:12 ******/
ALTER TABLE [dbo].[DatHang]  WITH CHECK ADD  CONSTRAINT [CK_DatHang_DT] CHECK  (([DienThoaiNhan] like '[0-9][0-9][0-9][0-9][0-9][0-9][0-9][0-9]' OR [DienThoaiNhan] like '[0-9][0-9][0-9][0-9][0-9][0-9][0-9][0-9][0-9]' OR [DienThoaiNhan] like '[0-9][0-9][0-9][0-9][0-9][0-9][0-9][0-9][0-9][0-9]' OR [DienThoaiNhan] like '[0-9][0-9][0-9][0-9][0-9][0-9][0-9][0-9][0-9][0-9][0-9]'))
GO
ALTER TABLE [dbo].[DatHang] CHECK CONSTRAINT [CK_DatHang_DT]
GO
EXEC sys.sp_addextendedproperty @name=N'MS_Description', @value=N'' , @level0type=N'SCHEMA',@level0name=N'dbo', @level1type=N'TABLE',@level1name=N'DatHang', @level2type=N'CONSTRAINT',@level2name=N'CK_DatHang_DT'
GO
/****** Object:  ForeignKey [FK_SanPham_HeMay]    Script Date: 03/07/2018 17:38:12 ******/
ALTER TABLE [dbo].[SanPham]  WITH CHECK ADD  CONSTRAINT [FK_SanPham_HeMay] FOREIGN KEY([Madong])
REFERENCES [dbo].[HeMay] ([Madong])
GO
ALTER TABLE [dbo].[SanPham] CHECK CONSTRAINT [FK_SanPham_HeMay]
GO
/****** Object:  ForeignKey [FK_SanPham_LoaiGame]    Script Date: 03/07/2018 17:38:12 ******/
ALTER TABLE [dbo].[SanPham]  WITH CHECK ADD  CONSTRAINT [FK_SanPham_LoaiGame] FOREIGN KEY([MaLoai])
REFERENCES [dbo].[LoaiGame] ([MaLoai])
GO
ALTER TABLE [dbo].[SanPham] CHECK CONSTRAINT [FK_SanPham_LoaiGame]
GO
/****** Object:  ForeignKey [FK_SanPham_NhaSanXuat]    Script Date: 03/07/2018 17:38:12 ******/
ALTER TABLE [dbo].[SanPham]  WITH CHECK ADD  CONSTRAINT [FK_SanPham_NhaSanXuat] FOREIGN KEY([MaNhaSanXuat])
REFERENCES [dbo].[NhaSanXuat] ([MaNhaSanXuat])
GO
ALTER TABLE [dbo].[SanPham] CHECK CONSTRAINT [FK_SanPham_NhaSanXuat]
GO
/****** Object:  ForeignKey [FK_GopY_KhachHang]    Script Date: 03/07/2018 17:38:12 ******/
ALTER TABLE [dbo].[GopY]  WITH CHECK ADD  CONSTRAINT [FK_GopY_KhachHang] FOREIGN KEY([MaKhachHang])
REFERENCES [dbo].[KhachHang] ([MaKhachHang])
GO
ALTER TABLE [dbo].[GopY] CHECK CONSTRAINT [FK_GopY_KhachHang]
GO
/****** Object:  ForeignKey [FK_DatHang_KhachHang]    Script Date: 03/07/2018 17:38:12 ******/
ALTER TABLE [dbo].[DatHang]  WITH CHECK ADD  CONSTRAINT [FK_DatHang_KhachHang] FOREIGN KEY([MaKhachHang])
REFERENCES [dbo].[KhachHang] ([MaKhachHang])
GO
ALTER TABLE [dbo].[DatHang] CHECK CONSTRAINT [FK_DatHang_KhachHang]
GO
/****** Object:  ForeignKey [FK_ChiTietDat_DatHang]    Script Date: 03/07/2018 17:38:12 ******/
ALTER TABLE [dbo].[ChiTietDat]  WITH CHECK ADD  CONSTRAINT [FK_ChiTietDat_DatHang] FOREIGN KEY([SoDH])
REFERENCES [dbo].[DatHang] ([SoDH])
GO
ALTER TABLE [dbo].[ChiTietDat] CHECK CONSTRAINT [FK_ChiTietDat_DatHang]
GO
/****** Object:  ForeignKey [FK_ChiTietDat_SanPham]    Script Date: 03/07/2018 17:38:12 ******/
ALTER TABLE [dbo].[ChiTietDat]  WITH CHECK ADD  CONSTRAINT [FK_ChiTietDat_SanPham] FOREIGN KEY([MaSP])
REFERENCES [dbo].[SanPham] ([MaSP])
GO
ALTER TABLE [dbo].[ChiTietDat] CHECK CONSTRAINT [FK_ChiTietDat_SanPham]
GO
